﻿"Cube Title","Product Id","CANSIM Id",URL,"Cube Notes","Archive Status",Frequency,"Start Reference Period","End Reference Period","Total number of dimensions"
"Employment in the non-profit sector by demographic characteristic","36100651",,"https://www150.statcan.gc.ca/t1/tbl1/en/tv.action?pid=3610065101",1,"CURRENT - a cube available to the public and that is current","Annual","2010-01-01","2021-01-01","4",

"Dimension ID","Dimension name","Dimension Notes","Dimension Definitions"
"1","Geography",,""
"2","Sector",,""
"3","Characteristics",,""
"4","Indicators",,""

"Dimension ID","Member Name","Classification Code","Member ID","Parent Member ID",Terminated,"Member Notes","Member Definitions"
"1","Canada","[11124]","1","","",,
"1","Newfoundland and Labrador","[10]","2","","",,
"1","Prince Edward Island","[11]","3","","",,
"1","Nova Scotia","[12]","4","","",,
"1","New Brunswick","[13]","5","","",,
"1","Quebec","[24]","6","","",,
"1","Ontario","[35]","7","","",,
"1","Manitoba","[46]","8","","",,
"1","Saskatchewan","[47]","9","","",,
"1","Alberta","[48]","10","","",,
"1","British Columbia","[59]","11","","",,
"1","Yukon","[60]","12","","",,
"1","Northwest Territories","[61]","13","","",,
"1","Nunavut","[62]","14","","",,
"2","Total non-profit institutions excluding governments","","2","1","",,
"2","Government non-profit institutions","","5","1","",,
"2","Non-profit institutions serving households (community organizations)","","3","2","",,
"2","Business non-profit institutions","","4","2","",,
"2","Total non-profit institutions","","1","","",,
"3","Male employees","","1","","",,
"3","Female employees","","2","","",,
"3","Immigrant employees","","3","","",,
"3","Non-immigrant employees","","4","","",,
"3","Indigenous identity employees","","5","","",,
"3","Non-indigenous identity employees","","6","","",,
"3","Visible minority","","7","","",,
"3","Not a visible minority","","8","","",,
"3","High school diploma and less","","9","","",,
"3","Trade certificate","","10","","",,
"3","College diploma","","11","","",,
"3","University degree and higher","","12","","",,
"3","15 to 24 years","","13","","",,
"3","25 to 34 years","","14","","",,
"3","35 to 44 years","","15","","",,
"3","45 to 54 years","","16","","",,
"3","55 to 64 years","","17","","",,
"3","65 years old and over","","18","","",,
"4","Number of jobs","","1","","",,
"4","Hours worked","","2","","",,
"4","Wages and salaries","","3","","",,
"4","Average annual hours worked","","4","","",,
"4","Average weekly hours worked","","5","","",,
"4","Average annual wages and salaries","","6","","",,
"4","Average hourly wage","","7","","",,

Symbol Legend
Description,Symbol
"not available for a specific reference period","..",
"less than the limit of detection","<LOD",
"value rounded to 0 (zero) where there is a meaningful distinction between true zero and the value that was rounded","0s",
"data quality: excellent","A",
"data quality: very good","B",
"data quality: good","C",
"data quality: acceptable","D",
"use with caution","E",
"too unreliable to be published","F",
"not applicable","...",
"preliminary","p",
"revised","r",
"suppressed to meet the confidentiality requirements of the Statistics Act","x",
"terminated","t",

"Survey Code","Survey Name"
"1901","National Gross Domestic Product by Income and by Expenditure Accounts"
"5110","Satellite Account of Non-profit Institutions and Volunteering"

"Subject Code","Subject Name"
"36","Economic accounts"

"Note ID",Note
1,"Totals in this table and table 36100650 may not equal due to rounding errors."

"Correction ID","Correction Date","Correction Note"
